name,female
aaden,0
aadi,0
aaliyah,1
aamir,0
aaniyah,1
aanya,1
aaralyn,1
aarav,0
aaron,0
aarush,0
aaryan,0
aayan,0
aayush,0
abagail,1
abbey,1
abbi,1
abbie,1
abbigail,1
abbigale,1
abbigayle,1
abby,1
abbygail,1
abdiel,0
abdirahman,0
abdul,0
abdullah,0
abdullahi,0
abdulrahman,0
abel,0
abelardo,0
abhinav,0
abigael,1
abigail,1
abigale,1
abigayle,1
abner,0
abraham,0
abram,0
abriana,1
abrianna,1
abrielle,1
abril,1
abygail,1
acacia,1
ace,0
achilles,0
ada,1
adair,0
adalberto,0
adalia,1
adaline,1
adalyn,1
adalynn,1
adam,0
adamari,1
adamaris,1
adan,0
adara,1
addie,1
addilyn,1
addisen,1
addison,1
addisyn,1
addysen,1
addyson,1
adela,1
adelaide,1
adele,1
adelina,1
adeline,1
adelle,1
adelyn,1
adelynn,1
aden,0
adia,1
adian,0
adiel,0
adilene,1
adin,0
adina,1
adison,1
adisyn,1
aditi,1
aditya,0
adler,0
adnan,0
adolfo,0
adonis,0
adreanna,1
adria,1
adrian,0
adriana,1
adrianna,1
adrianne,1
adriano,0
adriel,0
adrien,0
adrienne,1
adryan,0
adyn,0
adyson,1
aedan,0
aeden,0
aeris,1
aeryn,1
afton,1
agnes,1
agustin,0
aharon,0
ahmad,0
ahmed,0
ahmir,0
ahtziri,1
aida,1
aidan,0
aideliz,1
aiden,0
aila,1
ailani,1
ailea,1
aileen,1
ailyn,1
aimee,1
aine,1
ainsley,1
aisha,1
aislinn,1
aislyn,1
aislynn,1
aiyana,1
aiyanna,1
aj,0
aja,1
ajah,1
ajani,0
ajay,0
akash,0
akasha,1
akayla,1
akeelah,1
akeem,0
akhil,0
akilah,1
akira,1
akiva,0
akshay,0
alain,0
alaina,1
alan,0
alana,1
alanah,1
alani,1
alanis,1
alanna,1
alannah,1
alasia,1
alaura,1
alaya,1
alayah,1
alayna,1
alaysha,1
alaysia,1
alba,1
albert,0
alberto,0
aldair,0
alden,0
aldo,0
alea,1
aleah,1
alec,0
alecia,1
aleena,1
aleigha,1
alejandra,1
alejandro,0
alek,0
aleksander,0
aleksandra,1
alen,0
alena,1
alesha,1
alesia,1
alessa,1
alessandra,1
alessandro,0
alessia,1
alex,0
alexa,1
alexander,0
alexandra,1
alexandre,0
alexandrea,1
alexandria,1
alexandro,0
alexavier,0
alexcia,1
alexia,1
alexie,1
alexis,1
alexius,1
alexsander,0
alexsandra,1
alexus,1
alexys,1
alexzander,0
alexzandria,1
aleya,1
aleyah,1
aleyna,1
alfonso,0
alfred,0
alfredo,0
alia,1
aliah,1
aliana,1
alianna,1
alice,1
alicia,1
alijah,0
alina,1
aline,1
alisa,1
alise,1
alisha,1
alisia,1
alison,1
alissa,1
alisson,1
alivia,1
aliya,1
aliyah,1
aliza,1
alizabeth,1
alize,1
allan,0
allana,1
allee,1
allegra,1
allen,0
alli,1
allie,1
allison,1
allissa,1
allisson,1
alliyah,1
ally,1
allysa,1
allyson,1
allyssa,1
alma,1
alona,1
alondra,1
alonna,1
alonso,0
alonzo,0
alora,1
alpha,0
alphonso,0
althea,1
alton,0
alvaro,0
alvin,0
alyah,1
alyana,1
alycia,1
alyna,1
alysa,1
alyse,1
alysha,1
alysia,1
alyson,1
alyssa,1
alyssia,1
alyvia,1
alyza,1
amaia,1
amaiya,1
amal,1
amalia,1
aman,0
amanda,1
amani,1
amar,0
amara,1
amare,0
amaria,1
amariah,1
amarion,0
amaris,1
amaury,0
amaya,1
amayah,1
ambar,1
amber,1
amberly,1
ambria,1
ameer,0
ameera,1
ameerah,1
amelia,1
amelie,1
america,1
amerie,1
amethyst,1
ami,1
amia,1
amiah,1
amie,1
amilia,1
amin,0
amina,1
aminah,1
aminata,1
amir,0
amira,1
amirah,1
amit,0
amiya,1
amiyah,1
ammar,0
ammon,0
amoni,1
amos,0
amy,1
amya,1
amyah,1
amyia,1
ana,1
anabel,1
anabella,1
anabelle,1
anahi,1
anahy,1
anai,1
anaiah,1
anais,1
anaiya,1
anaiyah,1
anakin,0
anali,1
analia,1
analicia,1
analiese,1
analisa,1
analise,1
analy,1
anamaria,1
ananda,1
ananya,1
anas,0
anasia,1
anastacia,1
anastasia,1
anaya,1
anayah,1
anayeli,1
anders,0
anderson,0
andie,1
andon,0
andre,0
andrea,1
andreas,0
andrei,0
andres,0
andrew,0
andrey,0
andria,1
andru,0
andy,0
aneesa,1
anela,1
anessa,1
anette,1
angela,1
angelena,1
angeles,1
angelia,1
angelic,1
angelica,1
angelie,1
angelika,1
angelina,1
angeline,1
angelique,1
angelita,1
angelo,0
angely,1
angie,1
angus,0
ani,1
ania,1
aniah,1
anijah,1
anika,1
anirudh,0
anisa,1
anish,0
anisha,1
anissa,1
aniston,1
anita,1
aniya,1
aniyah,1
anja,1
anjali,1
anjelica,1
ann,1
anna,1
annabel,1
annabell,1
annabella,1
annabelle,1
annah,1
annalee,1
annaliese,1
annalisa,1
annalise,1
annalyse,1
annamaria,1
annamarie,1
annastasia,1
anne,1
anneliese,1
annelise,1
annemarie,1
annette,1
annie,1
annika,1
annmarie,1
ansh,0
ansley,1
anson,0
anthony,0
antione,0
antoine,0
antoinette,1
anton,0
antonella,1
antoni,0
antonia,1
antonio,0
antony,0
antwan,0
antwon,0
antwone,0
anusha,1
anushka,1
anwar,0
anya,1
anyah,1
anyia,1
anyla,1
anyssa,1
aoife,1
apollo,0
april,1
arabella,1
araceli,1
aracely,1
aram,0
aramis,0
arath,0
araya,1
archer,0
archie,0
areli,1
arely,1
aren,0
ari,0
aria,1
ariadna,1
ariadne,1
ariah,1
ariana,1
arianna,1
arianne,1
aric,0
arieanna,1
ariela,1
ariella,1
arielle,1
arihanna,1
arik,0
arionna,1
arissa,1
ariya,1
ariyah,1
ariyana,1
ariyanna,1
arjun,0
arleen,1
arlene,1
arleth,1
arlette,1
arlo,0
arly,1
arlyn,1
armaan,0
arman,0
armand,0
armando,0
armon,0
arnav,0
arnold,0
arnoldo,0
arnulfo,0
aron,0
arriana,1
arrianna,1
arron,0
arthur,0
arturo,0
arwen,1
aryan,0
aryana,1
aryanna,1
aryeh,0
aryn,1
asa,0
asael,0
asha,1
ashante,1
ashanti,1
ashely,1
asher,0
ashia,1
ashlee,1
ashleigh,1
ashley,1
ashli,1
ashlie,1
ashlin,1
ashly,1
ashlyn,1
ashlynn,1
ashlynne,1
ashton,0
ashwin,0
asia,1
asiah,1
asma,1
aspen,1
aspyn,1
aston,0
astrid,1
asya,1
athan,0
athena,1
atreyu,0
atticus,0
aubree,1
aubrey,1
aubri,1
aubriana,1
aubrianna,1
aubrie,1
aubry,1
audra,1
audree,1
audrey,1
audriana,1
audrianna,1
audrie,1
audrina,1
august,0
augustin,0
augustine,0
augustus,0
aundrea,1
aurelia,1
aurelio,0
aurora,1
austen,0
austin,0
auston,0
autum,1
autumn,1
ava,1
avah,1
avalon,1
avani,1
avary,1
averi,1
averie,1
avi,0
aviana,1
avianna,1
avigail,1
avion,0
aviva,1
avraham,0
avril,1
avrohom,0
axel,0
aya,1
ayaan,0
ayah,1
ayana,1
ayanna,1
aydan,0
ayden,0
aydin,0
ayesha,1
ayla,1
ayleen,1
aylin,1
ayman,0
aysha,1
aysia,1
ayush,0
ayva,1
azael,0
azalea,1
azaria,1
aziyah,1
azucena,1
azul,1
babyboy,0
babygirl,1
baila,1
bailee,1
baileigh,1
bailey,1
bailie,1
baleigh,1
barbara,1
baron,0
barrett,0
barry,0
basil,0
baylee,1
bayleigh,1
bayley,1
baylie,1
baylor,0
beatrice,1
beatrix,1
beatriz,1
beau,0
becca,1
beck,0
beckett,0
beckham,0
becky,1
belen,1
belinda,1
bella,1
belle,1
ben,0
benedict,0
benicio,0
benito,0
benjamen,0
benjamin,0
bennett,0
bennie,0
benny,0
benson,0
benton,0
berenice,1
berkley,1
berlin,1
bernadette,1
bernard,0
bernardo,0
bernice,1
bertha,1
beth,1
bethanie,1
bethany,1
bethzy,1
betsy,1
betty,1
betzaida,1
betzy,1
beverly,1
beyonce,1
bianca,1
bianka,1
bilal,0
bill,0
billie,1
billy,0
bishop,0
bjorn,0
blade,0
blaine,0
blaire,1
blaise,0
blaize,0
blake,0
blanca,1
blane,0
blayne,0
blaze,0
blessing,1
blythe,1
bo,0
bobbi,1
bobbie,1
bobby,0
bode,0
boden,0
bodhi,0
bodie,0
bonnie,1
boris,0
boston,0
bowen,0
bracha,1
brad,0
braden,0
bradford,0
bradlee,0
bradley,0
bradly,0
bradon,0
brady,0
bradyn,0
braedan,0
braeden,0
braedon,0
braedyn,0
braelyn,1
braelynn,1
braiden,0
brandan,0
branden,0
brandi,1
brandie,1
brandin,0
brando,0
brandon,0
brandt,0
brandy,1
brandyn,0
brannon,0
branson,0
brant,0
brantley,0
braulio,0
braxton,0
brayan,0
braydan,0
brayden,0
braydin,0
braydon,0
braylan,0
braylee,1
braylen,0
braylon,0
brayson,0
brayton,0
brea,1
breana,1
breann,1
breanna,1
breanne,1
breasia,1
breauna,1
breckin,0
bree,1
breeana,1
breeanna,1
brenda,1
brendan,0
brenden,0
brendon,0
brendyn,0
brenna,1
brennan,0
brennen,0
brennon,0
brent,0
brenton,0
breon,0
breona,1
breonna,1
bret,0
brett,0
brevin,0
breyanna,1
bria,1
briahna,1
brian,0
briana,1
brianda,1
brianna,1
briannah,1
brianne,1
briauna,1
brice,0
bridger,0
bridget,1
bridgett,1
bridgette,1
brie,1
brieanna,1
briella,1
brielle,1
briggs,0
brigham,0
brigid,1
brigitte,1
brihanna,1
brinlee,1
brinley,1
briona,1
brionna,1
brisa,1
briseida,1
briseis,1
briseyda,1
brissa,1
brissia,1
britany,1
britney,1
brittani,1
brittany,1
brittney,1
briza,1
broc,0
brock,0
broden,0
broderick,0
brodey,0
brodie,0
brody,0
brogan,0
bronson,0
bronwyn,1
brook,1
brooke,1
brookelyn,1
brookelynn,1
brooklin,1
brooklyn,1
brooklynn,1
brooklynne,1
brooks,0
bruce,0
bruno,0
bryan,0
bryana,1
bryanna,1
bryant,0
bryce,0
brycen,0
bryden,0
brylee,1
bryleigh,1
brylie,1
bryn,1
brynlee,1
brynn,1
brynna,1
brynne,1
bryon,0
brysen,0
bryson,0
bryton,0
burke,0
byron,0
cadance,1
cade,0
caden,0
cadence,1
cadin,0
cady,1
caeden,0
cael,0
caelyn,1
caesar,0
caiden,0
caidence,1
cailee,1
cailey,1
cailin,1
cailyn,1
cain,0
caine,0
caitlin,1
caitlyn,1
caitlynn,1
cal,0
calder,0
cale,0
caleb,0
caleigh,1
calen,0
caley,1
cali,1
calista,1
calla,1
calleigh,1
callen,0
calli,1
callie,1
callista,1
callum,0
calvin,0
cambree,1
cambria,1
cambrie,1
camden,0
cameren,0
cameron,0
cameryn,1
cami,1
camila,1
camilla,1
camille,1
camilo,0
camren,0
camrin,0
camron,0
camryn,1
canaan,0
candace,1
candice,1
candy,1
cannon,0
canon,0
canyon,0
capri,1
caprice,1
cara,1
carina,1
carissa,1
carl,0
carla,1
carlee,1
carleigh,1
carley,1
carli,1
carlie,1
carlo,0
carlos,0
carlton,0
carly,1
carlyn,1
carmela,1
carmella,1
carmello,0
carmelo,0
carmen,1
carmine,0
carol,1
carolina,1
caroline,1
carolyn,1
caron,0
carrie,1
carson,0
carsten,0
carter,0
carver,0
carys,1
casandra,1
case,0
casen,0
cash,0
cason,0
cassandra,1
cassidy,1
cassie,1
cassius,0
catalina,1
catarina,1
cate,1
catelyn,1
caterina,1
catherine,1
cathryn,1
cathy,1
catrina,1
cavan,0
cayden,0
caydence,1
cayla,1
caylee,1
cayleigh,1
caylie,1
caylin,1
cayson,0
ceasar,0
cecelia,1
cecil,0
cecilia,1
cecily,1
cedric,0
cedrick,0
celena,1
celeste,1
celia,1
celina,1
celine,1
cesar,0
chace,0
chad,0
chadwick,0
chaim,0
chana,1
chance,0
chancellor,0
chandler,0
chanel,1
chanelle,1
chantal,1
chantel,1
chantelle,1
charis,1
charisma,1
charity,1
charlee,1
charleigh,1
charlene,1
charles,0
charli,1
charlize,1
charlotte,1
chase,0
chasity,1
chassidy,1
chastelyn,1
chastity,1
chauncey,0
chava,1
chaya,1
chayce,0
chayton,0
chaz,0
chelsea,1
chelsey,1
chelsie,1
chelsy,1
cherish,1
cherokee,1
cheryl,1
chesney,1
chester,0
chevelle,1
chevy,0
cheyann,1
cheyanne,1
cheyenne,1
chiara,1
china,1
chloe,1
chloee,1
chloey,1
chloie,1
chole,1
chris,0
christa,1
christain,0
christal,1
christan,0
christian,0
christiana,1
christianna,1
christie,1
christin,1
christina,1
christine,1
christion,0
christofer,0
christopher,0
christy,1
chrystal,1
chyanne,1
chyenne,1
chyna,1
cian,0
ciana,1
cianna,1
ciara,1
ciaran,0
ciarra,1
cielo,1
cienna,1
ciera,1
cierra,1
cindy,1
cinthia,1
cinthya,1
citlali,1
citlalli,1
citlaly,1
clair,1
claira,1
claire,1
clara,1
clare,1
clarence,0
clarice,1
clarisa,1
clarissa,1
clark,0
claude,0
claudia,1
claudio,0
clay,0
clayton,0
clementine,1
cleo,1
clifford,0
clifton,0
clint,0
clinton,0
cloe,1
cloey,1
cloie,1
clover,1
clyde,0
coby,0
codey,0
cody,0
coen,0
cohen,0
colby,0
cole,0
coleman,0
coleton,0
colette,1
colin,0
colleen,1
collin,0
colson,0
colt,0
colten,0
colter,0
coltin,0
colton,0
conner,0
connie,1
connor,0
conor,0
conrad,0
constance,1
constantine,0
consuelo,1
cooper,0
cora,1
coral,1
corban,0
corben,0
corbin,0
corbyn,0
cordelia,1
cordell,0
corey,0
cori,1
corina,1
corinna,1
corinne,1
cormac,0
cornelius,0
cornell,0
corrina,1
corrine,1
cortez,0
cortney,1
corwin,0
cory,0
cosette,1
courtland,0
courtney,1
coy,0
craig,0
creed,0
creighton,0
crew,0
cristal,1
cristian,0
cristina,1
cristo,0
cristobal,0
cristofer,0
cristopher,0
cruz,0
crystal,1
cullen,0
curtis,0
cutter,0
cy,0
cyan,1
cydney,1
cynthia,1
cyrus,0
dafne,1
dagan,0
dahlia,1
daija,1
daijah,1
daira,1
daisha,1
daisy,1
daja,1
dajah,1
dajon,0
dajuan,0
dakarai,0
dakari,0
dale,0
dalen,0
dalia,1
dalila,1
dalilah,1
dallas,0
dallin,0
dalton,0
damarcus,0
damari,0
damarion,0
damaris,1
damarius,0
damen,0
dameon,0
damian,0
damien,0
damion,0
damir,0
damon,0
damonte,0
damya,1
dan,0
dana,1
danae,1
danasia,1
dandre,0
dane,0
dangelo,0
dani,1
dania,1
danica,1
daniel,0
daniela,1
daniella,1
danielle,1
danika,1
danilo,0
daniya,1
daniyah,1
danna,1
danni,1
danny,0
dante,0
danthony,0
danya,1
danyelle,1
daphne,1
daquan,0
dara,1
darby,1
darcy,1
daren,0
daria,1
dariana,1
dariel,0
darien,0
darin,0
dario,0
darion,0
darius,0
darla,1
darlene,1
darnell,0
daron,0
darrel,0
darrell,0
darren,0
darrian,0
darrick,0
darrien,0
darrin,0
darrion,0
darrius,0
darron,0
darryl,0
darwin,0
daryl,0
dasean,0
dasha,1
dashaun,0
dashawn,0
dashiell,0
dasia,1
daunte,0
dave,0
daven,0
daveon,0
davian,0
david,0
davien,0
davin,0
davina,1
davion,0
davis,0
davon,0
davontae,0
davonte,0
dawn,1
dawson,0
dax,0
daxton,0
dayami,1
dayana,1
dayanara,1
dayanna,1
dayla,1
daylan,0
daylen,0
daylon,0
dayna,1
dayne,0
daysha,1
dayshawn,0
dayton,0
dayvon,0
deacon,0
dean,0
deana,1
deandra,1
deandre,0
deangelo,0
deanna,1
deante,0
deanthony,0
deasia,1
debbie,1
debora,1
deborah,1
debra,1
declan,0
dedrick,0
deegan,0
deena,1
deion,0
deirdre,1
deisy,1
deja,1
dejah,1
dejon,0
dejuan,0
delainey,1
delana,1
delaney,1
delani,1
delanie,1
delano,0
delia,1
delila,1
delilah,1
della,1
delvin,0
demarco,0
demarcus,0
demari,0
demario,0
demarion,0
demarius,0
demetri,0
demetria,1
demetrius,0
demi,1
demitri,0
demitrius,0
demond,0
demonte,0
dena,1
denae,1
denis,0
denise,1
denisha,1
denisse,1
dennis,0
dennise,1
denny,0
denton,0
denver,0
denzel,0
deon,0
deondre,0
deonna,1
deonta,0
deontae,0
deonte,0
dequan,0
dereck,0
derek,0
derian,0
deric,0
derick,0
derik,0
derion,0
deron,0
derrick,0
derrion,0
desean,0
deshaun,0
deshawn,0
deshon,0
desirae,1
desiray,1
desire,1
desiree,1
desmond,0
destani,1
destanie,1
destany,1
desteny,1
destin,0
destinee,1
destiney,1
destini,1
destinie,1
destiny,1
destyni,1
dev,0
devan,0
devante,0
devaughn,0
deven,0
devin,0
devion,0
devlin,0
devon,0
devonta,0
devontae,0
devonte,0
devorah,1
dewayne,0
dexter,0
deyanira,1
deysi,1
dezirae,1
deziree,1
dezmond,0
dhruv,0
diamond,1
diana,1
diane,1
dianna,1
dianne,1
diego,0
diesel,0
dilan,0
dillan,0
dillion,0
dillon,0
dimitri,0
dina,1
dinah,1
dino,0
dion,0
dionna,1
dionte,0
divya,1
dixie,1
diya,1
dmitri,0
dolores,1
domanic,0
domenic,0
domenick,0
domenico,0
domingo,0
dominic,0
dominick,0
dominik,0
domonic,0
don,0
donald,0
donavan,0
donaven,0
donavin,0
donavon,0
donna,1
donnell,0
donnie,0
donny,0
donovan,0
donta,0
dontae,0
dontavious,0
dontay,0
donte,0
dontrell,0
dora,1
dorian,0
dorien,0
doris,1
dorothy,1
douglas,0
dov,0
dovid,0
drake,0
draven,0
drayden,0
drayton,0
dream,1
drew,0
duane,0
duke,0
dulce,1
duncan,0
dustin,0
dusty,0
dustyn,0
dwayne,0
dwight,0
dyamond,1
dyani,1
dylan,0
dyllan,0
dylon,0
dymond,1
dynasty,1
dyson,0
eamon,0
ean,0
earl,0
earnest,0
easton,0
eathan,0
eben,0
eboni,1
ebony,1
echo,1
edan,0
eddie,0
eddy,0
eden,1
eder,0
edgar,0
edgardo,0
edie,1
edison,0
edith,1
edmond,0
edmund,0
edna,1
edson,0
eduardo,0
edward,0
edwardo,0
edwin,0
efrain,0
efren,0
egypt,1
eian,0
eileen,1
eitan,0
ela,1
elaina,1
elaine,1
elan,0
elana,1
elayna,1
eleanor,1
eleazar,0
elena,1
eleni,1
elexis,1
eli,0
elia,1
elian,0
eliana,1
elianna,1
elias,0
elicia,1
eliel,0
eliezer,0
elijah,0
elijiah,0
elina,1
elinor,1
eliot,0
elisa,1
elisabeth,1
elise,1
eliseo,0
elisheva,1
elissa,1
eliyahu,0
eliza,1
elizabeth,1
ella,1
elle,1
ellen,1
ellery,1
elli,1
elliana,1
ellianna,1
ellie,1
elliot,0
elliott,0
ellison,1
elly,1
elmer,0
eloise,1
elora,1
eloy,0
elsa,1
elsie,1
elton,0
elvia,1
elvin,0
elvira,1
elvis,0
ely,0
elyjah,0
elyse,1
elysia,1
elyssa,1
ema,1
emalee,1
emalie,1
eman,1
emani,1
emanuel,0
ember,1
emeli,1
emelia,1
emelie,1
emeline,1
emely,1
emelyn,1
emerald,1
emerie,1
emersyn,1
emi,1
emil,0
emilee,1
emileigh,1
emiley,1
emili,1
emilia,1
emiliano,0
emilie,1
emilio,0
emilly,1
emily,1
emir,0
emma,1
emmalee,1
emmaleigh,1
emmaline,1
emmalyn,1
emmalynn,1
emmanuel,0
emme,1
emmeline,1
emmerson,1
emmet,0
emmett,0
emmi,1
emmie,1
emmitt,0
emmy,1
emoni,1
emonie,1
enoch,0
enrique,0
enya,1
enzo,0
eoin,0
ephraim,0
eriana,1
erianna,1
eriberto,0
eric,0
erica,1
erich,0
erick,0
ericka,1
erik,0
erika,1
erin,1
ernest,0
ernesto,0
ervin,0
erwin,0
erykah,1
eryn,1
erynn,1
esai,0
esau,0
esha,1
esme,1
esmeralda,1
esperanza,1
essence,1
esteban,0
estefani,1
estefania,1
estefany,1
estela,1
estella,1
estelle,1
estephanie,1
ester,1
estevan,0
esther,1
estrella,1
eternity,1
ethan,0
ethen,0
ethyn,0
eugene,0
eugenio,0
eunice,1
eva,1
evalyn,1
evan,0
evangelina,1
evangeline,1
eve,1
evelin,1
evelina,1
evelyn,1
evelynn,1
ever,0
everardo,0
everett,0
evie,1
evin,0
evolet,1
ewan,0
exavier,0
eyan,0
ezekiel,0
ezequiel,0
ezra,0
fabian,0
fabiana,1
fabio,0
fabiola,1
faigy,1
faith,1
fallon,1
fantasia,1
farah,1
faris,0
farrah,1
fatima,1
fatimah,1
fatoumata,1
fausto,0
favian,0
faye,1
fayth,1
federico,0
felicia,1
felicity,1
felipe,0
felix,0
fermin,0
fernanda,1
fernando,0
fidel,0
filip,0
finn,0
finnegan,0
finnian,0
fiona,1
fiorella,1
fischer,0
fisher,0
flavio,0
fletcher,0
flor,1
flora,1
florence,1
floyd,0
flynn,0
ford,0
forest,0
forrest,0
foster,0
fox,0
frances,1
francesca,1
francesco,0
franchesca,1
francheska,1
francine,1
francis,0
francisca,1
francisco,0
franco,0
frank,0
franklin,0
franky,0
fransisco,0
fred,0
freddie,0
freddy,0
frederick,0
fredrick,0
fredy,0
freya,1
frida,1
gabe,0
gabrial,0
gabriel,0
gabriela,1
gabriella,1
gabrielle,1
gael,0
gage,0
gaige,0
galen,0
galilea,1
gannon,0
gareth,0
garett,0
garren,0
garret,0
garrett,0
garrick,0
garrison,0
garry,0
gary,0
gatlin,0
gauge,0
gavan,0
gaven,0
gavin,0
gavyn,0
gema,1
gemma,1
genaro,0
gene,0
genesis,1
geneva,1
genevieve,1
genna,1
geoffrey,0
george,0
georgia,1
georgina,1
geovani,0
geovanni,0
geovanny,0
geovany,0
gerald,0
geraldine,1
gerard,0
gerardo,0
german,0
gerson,0
gia,1
giada,1
gian,0
giana,1
giancarlo,0
gianluca,0
gianna,1
gianni,0
giavanna,1
gibson,0
gideon,0
gilbert,0
gilberto,0
gillian,1
gina,1
ginger,1
gino,0
giovani,0
giovanna,1
giovanni,0
giovanny,0
giovany,0
gisel,1
gisela,1
gisele,1
gisell,1
giselle,1
gissel,1
gissell,1
gisselle,1
gitty,1
giulia,1
giuliana,1
giuseppe,0
gizelle,1
gladys,1
glen,0
glenda,1
glenn,0
gloria,1
glory,1
gonzalo,0
gordon,0
grace,1
gracee,1
gracelyn,1
gracelynn,1
gracey,1
graci,1
gracie,1
graciela,1
gracy,1
gracyn,1
grady,0
graham,0
grant,0
gray,0
grayce,1
grayden,0
graydon,0
grayson,0
grecia,1
greer,1
greg,0
gregorio,0
gregory,0
greidys,1
greta,1
gretchen,1
grey,0
greydis,1
greyson,0
griffen,0
griffin,0
griselda,1
guadalupe,1
guillermo,0
guinevere,1
gunnar,0
gunner,0
gus,0
gustavo,0
guy,0
gwen,1
gwendolyn,1
gwenyth,1
gwyneth,1
hadassah,1
haden,0
hadi,0
hadlee,1
hadley,1
hafsa,1
hagan,0
hagen,0
haile,1
hailee,1
haileigh,1
hailey,1
hailie,1
haily,1
hakeem,0
halee,1
haleigh,1
haley,1
hali,1
halie,1
halle,1
hallee,1
halley,1
halli,1
hallie,1
hamilton,0
hampton,0
hamza,0
hamzah,0
hana,1
hanah,1
hanan,1
hank,0
hanna,1
hannah,1
hans,0
haris,0
harlan,0
harlee,1
harleigh,1
harlie,1
harlow,1
harmoni,1
harmonie,1
harmony,1
harold,0
harris,0
harrison,0
harry,0
harvey,0
hasan,0
hassan,0
hattie,1
hawa,1
haydee,1
hayden,0
haydn,0
haydon,0
hayes,0
hayle,1
haylee,1
hayleigh,1
hayley,1
hayli,1
haylie,1
hazel,1
heath,0
heather,1
heaven,1
heavenly,1
heber,0
hector,0
heidi,1
heidy,1
helen,1
helena,1
hendrix,0
hennessy,1
henri,0
henry,0
herbert,0
heriberto,0
herman,0
hernan,0
hezekiah,0
hiba,1
hilario,0
hilary,1
hilda,1
hillary,1
hiram,0
hogan,0
holden,0
holland,1
holley,1
holli,1
hollie,1
holly,1
homero,0
honesty,1
honey,1
hope,1
horacio,0
houston,0
howard,0
huda,1
hudson,0
hugh,0
hugo,0
humberto,0
humza,0
hunter,0
hussein,0
hyrum,0
iain,0
ian,0
ibrahim,0
ida,1
idaly,1
idris,0
ignacio,0
iker,0
ila,1
ilan,0
ilana,1
ileana,1
ilene,1
iliana,1
illiana,1
ilse,1
iman,1
imani,1
imanol,0
imelda,1
immanuel,0
imogen,1
imran,0
inaya,1
india,1
indira,1
indya,1
ines,1
inez,1
ingrid,1
ira,0
ireland,1
irelyn,1
irene,1
iris,1
irma,1
irvin,0
irving,0
isaac,0
isaak,0
isabel,1
isabela,1
isabell,1
isabella,1
isabelle,1
isac,0
isacc,0
isadora,1
isael,0
isai,0
isaiah,0
isaias,0
isaih,0
isela,1
isha,1
ishaan,0
ishan,0
ishmael,0
isiah,0
isidro,0
isis,1
isla,1
ismael,0
ismail,0
isobel,1
israel,0
isreal,0
issabella,1
issac,0
issiah,0
isyss,1
italia,1
itzel,1
ivan,0
ivana,1
ivanna,1
iverson,0
ivette,1
ivey,1
ivonne,1
ivory,1
ivy,1
iyana,1
iyanna,1
iyonna,1
izaac,0
izaak,0
izabel,1
izabela,1
izabell,1
izabella,1
izabelle,1
izaiah,0
izak,0
izaya,0
izayah,0
iziah,0
izzabella,1
jabari,0
jabez,0
jacari,0
jace,0
jacee,1
jacelyn,1
jacen,0
jacey,1
jaci,1
jacie,1
jacinda,1
jack,0
jackelin,1
jackeline,1
jackelyn,1
jacklyn,1
jackson,0
jacky,0
jaclyn,1
jacob,0
jacobe,0
jacobi,0
jacobo,0
jacoby,0
jacorey,0
jacquelin,1
jacqueline,1
jacquelyn,1
jacquelynn,1
jacques,0
jacquez,0
jacy,1
jad,0
jada,1
jadah,1
jadarius,0
jade,1
jadelyn,1
jadelynn,1
jaden,0
jadeyn,1
jadiel,0
jadon,0
jaeda,1
jaeden,0
jaedon,0
jaela,1
jaelen,0
jaelyn,1
jaelynn,1
jafet,0
jagger,0
jahaira,1
jahari,0
jaheem,0
jaheim,0
jahiem,0
jahir,0
jahlil,0
jahmir,0
jahzara,1
jaida,1
jaide,1
jaidon,0
jaila,1
jailah,1
jailen,0
jailene,1
jailyn,1
jailynn,1
jaime,0
jaimee,1
jaimie,1
jaina,1
jair,0
jairo,0
jairus,0
jajuan,0
jakai,0
jakari,0
jakayla,1
jake,0
jakeb,0
jakira,1
jakiya,1
jakiyah,1
jakob,0
jakobe,0
jakobi,0
jakoby,0
jakub,0
jakyra,1
jala,1
jalan,0
jalaya,1
jaleah,1
jaleel,0
jalen,0
jalia,1
jalil,0
jalisa,1
jalissa,1
jaliyah,1
jalon,0
jalynn,1
jalyssa,1
jamaal,0
jamal,0
jamar,0
jamarcus,0
jamari,0
jamaria,1
jamarion,0
jamarius,0
jamaya,1
jameel,0
jameer,0
jamel,0
jamere,0
james,0
jamesha,1
jameson,0
jami,1
jamia,1
jamiah,1
jamil,0
jamila,1
jamin,0
jamir,0
jamison,0
jamiya,1
jamiyah,1
jamon,0
jamya,1
jamyah,1
jan,0
jana,1
janae,1
janai,1
janasia,1
janay,1
janaya,1
jane,1
janel,1
janell,1
janelle,1
janelly,1
janely,1
janessa,1
janet,1
janeth,1
janette,1
jania,1
janiah,1
janice,1
janie,1
janine,1
janiya,1
janiyah,1
janna,1
jannah,1
jansen,0
janya,1
janyah,1
janyia,1
jaquan,0
jaquelin,1
jaqueline,1
jaquelyn,1
jaquez,0
jared,0
jarek,0
jarell,0
jaren,0
jaret,0
jareth,0
jarett,0
jariah,1
jariel,0
jarius,0
jarod,0
jaron,0
jarred,0
jarrell,0
jarren,0
jarret,0
jarrett,0
jarrod,0
jarvis,0
jase,0
jasen,0
jashaun,0
jashawn,0
jasiah,0
jasleen,1
jaslene,1
jaslyn,1
jaslynn,1
jasmin,1
jasmine,1
jasmyn,1
jasmyne,1
jason,0
jasper,0
jathan,0
javan,0
javen,0
javeon,0
javian,0
javien,0
javier,0
javin,0
javion,0
javon,0
javontae,0
javonte,0
jax,0
jaxen,0
jaxon,0
jaxson,0
jaxton,0
jay,0
jaya,1
jayanna,1
jayce,0
jaycee,1
jayceon,0
jayci,1
jaycie,1
jaycob,0
jayda,1
jaydah,1
jayde,1
jayden,0
jaydon,0
jayla,1
jaylah,1
jaylan,0
jaylee,1
jayleen,1
jaylen,0
jaylene,1
jaylon,0
jaylynn,1
jaymee,1
jaymes,0
jaymie,1
jayna,1
jayne,1
jayquan,0
jayse,0
jaysen,0
jayshawn,0
jayson,0
jayven,0
jayveon,0
jayvion,0
jayvon,0
jazelle,1
jaziel,0
jazlene,1
jazlin,1
jazlyn,1
jazlynn,1
jazmin,1
jazmine,1
jazmyn,1
jazmyne,1
jazzlyn,1
jazzmin,1
jazzmine,1
jeanette,1
jeanne,1
jeannette,1
jed,0
jedidiah,0
jeff,0
jefferson,0
jeffery,0
jeffrey,0
jeffry,0
jelani,0
jemma,1
jena,1
jenae,1
jenelle,1
jenesis,1
jenessa,1
jenifer,1
jeniffer,1
jenna,1
jennah,1
jennavecia,1
jennie,1
jennifer,1
jenny,1
jennyfer,1
jerald,0
jeramiah,0
jeremiah,0
jeremias,0
jeremih,0
jeremy,0
jerica,1
jericho,0
jerimiah,0
jermaine,0
jermiah,0
jerod,0
jerome,0
jerrell,0
jerrod,0
jerry,0
jersey,1
jerson,0
jesenia,1
jeshua,0
jesiah,0
jesica,1
jeslyn,1
jess,0
jessa,1
jessalyn,1
jesse,0
jessenia,1
jessica,1
jessika,1
jesslyn,1
jesus,0
jet,0
jett,0
jevon,0
jewel,1
jewell,1
jianna,1
jihad,0
jill,1
jillian,1
jim,0
jimena,1
jimmie,0
jimmy,0
jiovanni,0
jiselle,1
jiya,1
jizelle,1
joana,1
joann,1
joanna,1
joanne,1
joao,0
joaquin,0
job,0
jocelin,1
joceline,1
jocelyn,1
jocelyne,1
jocelynn,1
jodi,1
jodie,1
joe,0
joel,0
joelle,1
joely,1
joesph,0
joey,0
johan,0
johana,1
johann,0
johanna,1
johannah,1
john,0
johnathan,0
johnathon,0
johnmichael,0
johnna,1
johnnie,0
johnny,0
johnpaul,0
johnson,0
joi,1
joie,1
jolee,1
jolene,1
jolette,1
jolie,1
jomar,0
jon,0
jonah,0
jonas,0
jonatan,0
jonathan,0
jonathon,0
jonny,0
jordana,1
jordi,0
jordon,0
jordy,0
jordyn,1
jordynn,1
jorge,0
jorja,1
josalyn,1
joscelyn,1
jose,0
josef,0
josefina,1
joselin,1
joseline,1
joseluis,0
joselyn,1
joselyne,1
joselynn,1
joseph,0
josephina,1
josephine,1
josette,1
josey,1
josh,0
joshua,0
joshuah,0
josiah,0
josias,0
josie,1
joslyn,1
joslynn,1
josselyn,1
josslyn,1
josue,0
journee,1
journey,1
jovan,0
jovana,1
jovani,0
jovanna,1
jovanni,0
jovanny,0
jovany,0
jovie,1
jovon,0
joy,1
joyce,1
joziah,0
jozlyn,1
juan,0
juana,1
juancarlos,0
juanita,1
juanpablo,0
jubilee,1
judah,0
jude,0
judith,1
judson,0
judy,1
juelz,0
julia,1
julian,0
juliana,1
juliann,1
julianna,1
julianne,1
julie,1
julieanna,1
julien,0
juliet,1
julieta,1
juliette,1
julio,0
julisa,1
julissa,1
julius,0
jullian,0
june,1
junior,0
juniper,1
jurnee,1
justen,0
justin,0
justina,1
justine,1
justus,0
justyn,0
juwan,0
kacey,1
kaci,1
kacie,1
kacper,0
kacy,1
kadance,1
kade,0
kaden,0
kadence,1
kadie,1
kadin,0
kady,1
kadynce,1
kaeden,0
kael,0
kaela,1
kaeleigh,1
kaeli,1
kaelin,1
kaelyn,1
kaelynn,1
kage,0
kahlil,0
kai,0
kaia,1
kaiden,0
kaidence,1
kaila,1
kailah,1
kailani,1
kailee,1
kaileigh,1
kailey,1
kaili,1
kailie,1
kailin,1
kaily,1
kailyn,1
kailynn,1
kain,0
kaine,0
kainoa,0
kaira,1
kairi,1
kaitlin,1
kaitlyn,1
kaitlynn,1
kaiya,1
kala,1
kale,0
kalea,1
kaleah,1
kaleb,0
kalee,1
kalei,1
kaleigh,1
kalel,0
kalena,1
kaley,1
kali,1
kalia,1
kaliah,1
kalib,0
kalie,1
kalil,0
kalina,1
kalissa,1
kalista,1
kaliyah,1
kalli,1
kallie,1
kalob,0
kalvin,0
kalyn,1
kalynn,1
kamal,0
kamar,0
kamara,1
kamaria,1
kamarion,0
kamaya,1
kambria,1
kamden,0
kameron,0
kami,1
kamia,1
kamiah,1
kamila,1
kamilah,1
kamille,1
kamiya,1
kamiyah,1
kamora,1
kamran,0
kamren,0
kamron,0
kamryn,1
kamya,1
kandace,1
kandice,1
kane,0
kaniya,1
kaniyah,1
kannon,0
kanye,0
kanyon,0
kara,1
karah,1
karan,0
kareem,0
kareena,1
karely,1
karen,1
karena,1
kari,1
karim,0
karime,1
karin,1
karina,1
karis,1
karisma,1
karissa,1
karizma,1
karl,0
karla,1
karlee,1
karleigh,1
karley,1
karli,1
karlie,1
karly,1
karma,1
karmen,1
karolina,1
karoline,1
karon,0
karrington,1
karson,0
karsten,0
karsyn,1
karter,0
karyme,1
kasandra,1
kasen,0
kash,0
kasia,1
kason,0
kassandra,1
kassidy,1
kassie,1
katalina,1
katarina,1
kate,1
katelin,1
katelyn,1
katelynn,1
katelynne,1
katerin,1
katerina,1
katharine,1
katherin,1
katherine,1
katheryn,1
kathleen,1
kathrine,1
kathryn,1
kathy,1
katia,1
katie,1
katilyn,1
katlin,1
katlyn,1
katlynn,1
katrina,1
katy,1
katya,1
kavin,0
kavion,0
kavon,0
kavya,1
kay,1
kaya,1
kayce,1
kaycee,1
kaycie,1
kaydance,1
kaydee,1
kaydence,1
kaydon,0
kayla,1
kaylah,1
kaylan,1
kaylani,1
kayle,1
kaylea,1
kayleb,0
kaylee,1
kayleen,1
kaylei,1
kayleigh,1
kaylen,1
kaylene,1
kayley,1
kayli,1
kaylie,1
kaylin,1
kaylyn,1
kaylynn,1
kayne,0
kayson,0
kaytlin,1
kaytlyn,1
kaytlynn,1
keagan,0
keagen,0
keaira,1
keana,1
keandre,0
keanna,1
keanu,0
keara,1
keasia,1
keaton,0
keegan,0
keelan,0
keeley,1
keelie,1
keely,1
keenan,0
kegan,0
keiara,1
keila,1
keilah,1
keilani,1
keily,1
keion,0
keira,1
keirra,1
keirsten,1
keiry,1
keisha,1
keith,0
kejuan,0
kekoa,0
kelan,0
kelci,1
kelcie,1
kelis,1
kellan,0
kellen,0
keller,0
kelley,1
kelli,1
kellie,1
kelly,1
kellyn,1
kelsea,1
kelsey,1
kelsi,1
kelsie,1
kelsy,1
kelton,0
kelvin,0
kemarion,0
ken,0
kenadee,1
kenadi,1
kenadie,1
kenan,0
kendal,1
kendall,1
kendra,1
kendrick,0
kendyl,1
kendyll,1
kenia,1
kenji,0
kenlee,1
kenley,1
kenna,1
kennadi,1
kennady,1
kennedi,1
kennedie,1
kennedy,1
kenneth,0
kenny,0
kensley,1
kent,0
kenton,0
kentrell,0
kenya,1
kenyon,0
kenzi,1
kenzie,1
keon,0
keona,1
keondre,0
keoni,0
keontae,0
keonte,0
kera,1
keren,1
keri,1
kerri,1
kerrigan,1
kesean,0
keshaun,0
keshawn,0
keshon,0
keturah,1
keven,0
kevin,0
kevion,0
kevon,0
kevyn,0
keyana,1
keyanna,1
keyara,1
keyla,1
keylee,1
keyon,0
keyona,1
keyonna,1
keyshawn,0
kezia,1
keziah,1
khadija,1
khadijah,1
khai,0
khalia,1
khalid,0
khalil,0
khaliyah,1
kherington,1
khloe,1
khristian,0
khushi,1
kia,1
kiah,1
kian,0
kiana,1
kianna,1
kiara,1
kiarah,1
kiarra,1
kiefer,0
kiera,1
kieran,0
kierra,1
kiersten,1
kierstin,1
kierstyn,1
kilee,1
kiley,1
killian,0
kim,1
kimber,1
kimberlee,1
kimberley,1
kimberly,1
kimberlyn,1
kimora,1
king,0
kingston,0
kinley,1
kinsey,1
kinsley,1
kinzie,1
kiptyn,0
kira,1
kirk,0
kirra,1
kirsten,1
kirstin,1
kirstyn,1
kiya,1
kiyah,1
klara,1
klarissa,1
klayton,0
kloe,1
kloey,1
kloie,1
knox,0
koa,0
kobe,0
koby,0
koda,0
kody,0
koen,0
kohen,0
kohl,0
kolbe,0
kolby,0
kole,0
kolin,0
kollin,0
kolten,0
kolton,0
konner,0
konnor,0
konrad,0
kooper,0
kora,1
korben,0
korbin,0
korbyn,0
korey,0
kori,1
korina,1
kortney,1
kory,0
kourtney,1
kris,0
krish,0
krista,1
kristal,1
kristen,1
kristi,1
kristian,0
kristiana,1
kristie,1
kristin,1
kristina,1
kristine,1
kristofer,0
kristopher,0
kristy,1
kristyn,1
krysta,1
krystal,1
krysten,1
krystian,0
krystina,1
kurt,0
kurtis,0
kwame,0
kya,1
kyah,1
kyan,0
kyana,1
kyanna,1
kyara,1
kye,0
kyla,1
kylah,1
kylan,0
kyle,0
kylea,1
kylee,1
kyleigh,1
kylen,0
kyler,0
kyley,1
kyli,1
kylie,1
kyndal,1
kyndall,1
kyndra,1
kynlee,1
kyra,1
kyrah,1
kyran,0
kyree,0
kyren,0
kyron,0
kyrsten,1
kyrstin,1
kyson,0
lacey,1
lachlan,0
laci,1
lacie,1
lacy,1
ladarius,0
laela,1
laila,1
lailah,1
laina,1
lainey,1
laisha,1
laith,0
lakayla,1
lake,0
lakyn,1
lamar,0
lamarcus,0
lamarion,0
lamont,0
lamya,1
lana,1
lanae,1
lanaya,1
lance,0
landan,0
landen,0
landin,0
landon,0
landyn,0
lane,0
laney,1
langston,0
lani,1
lanie,1
laniya,1
laniyah,1
lanya,1
laquan,0
lara,1
larisa,1
larissa,1
laron,0
larry,0
lars,0
lashay,1
latavia,1
lathan,0
latoya,1
latrell,0
laura,1
laurel,1
lauren,1
laurence,0
laurie,1
lauryn,1
lavon,0
lawrence,0
lawson,0
layla,1
laylah,1
layna,1
laynee,1
laynie,1
laysha,1
layton,0
lazaro,0
lazarus,0
lea,1
leah,1
leana,1
leandra,1
leandro,0
leann,1
leanna,1
leanne,1
lebron,0
lee,0
leeann,1
leeanna,1
leela,1
leena,1
legend,0
leia,1
leif,0
leigh,1
leigha,1
leila,1
leilah,1
leilani,1
leilany,1
lela,1
leland,0
lena,1
lennox,0
lenny,0
leo,0
leobardo,0
leon,0
leona,1
leonard,0
leonardo,0
leonel,0
leonidas,0
leopoldo,0
leora,1
leroy,0
lesley,1
lesli,1
leslie,1
lesly,1
leslye,1
lester,0
leticia,1
levi,0
lewis,0
lex,0
lexi,1
lexie,1
lexis,1
lexus,1
lexy,1
leyla,1
leyna,1
leyton,0
lia,1
liam,0
liana,1
lianna,1
libby,1
liberty,1
lidia,1
lila,1
lilah,1
lili,1
lilia,1
lilian,1
liliana,1
lilianna,1
lilith,1
lilli,1
lillia,1
lillian,1
lilliana,1
lillianna,1
lillie,1
lilly,1
lillyan,1
lillyana,1
lillyann,1
lillyanna,1
lily,1
lilyan,1
lilyana,1
lilyann,1
lilyanna,1
lilyanne,1
lina,1
lincoln,0
linda,1
lindsay,1
lindsey,1
lindy,1
linnea,1
lino,0
linsey,1
linus,0
lionel,0
lisa,1
lisandro,0
lisbet,1
lisbeth,1
lisette,1
lisset,1
lissette,1
litzy,1
liv,1
livia,1
liyah,1
liz,1
liza,1
lizbet,1
lizbeth,1
lizet,1
lizeth,1
lizette,1
lizzie,1
lloyd,0
lluvia,1
logan,0
logen,0
lois,1
lola,1
londyn,1
lonnie,0
lora,1
loralei,1
lorelai,1
lorelei,1
lorena,1
lorenzo,0
loretta,1
lori,1
lorna,1
lorraine,1
louie,0
louis,0
louisa,1
louise,1
lourdes,1
love,1
luc,0
luca,0
lucas,0
lucca,0
lucero,1
luci,1
lucia,1
lucian,0
luciana,1
luciano,0
lucie,1
lucien,0
lucille,1
lucinda,1
lucio,0
lucius,0
lucky,0
lucy,1
luigi,0
luis,0
luisa,1
luisangel,0
luiz,0
luka,0
lukas,0
luke,0
luna,1
lupita,1
luther,0
luz,1
lydia,1
lyla,1
lylah,1
lyle,0
lynda,1
lyndon,0
lyndsay,1
lyndsey,1
lynette,1
lynn,1
lynsey,1
lyra,1
lyric,1
mabel,1
mac,0
macayla,1
macee,1
macey,1
maci,1
macie,1
mack,0
mackayla,1
mackenna,1
mackenzi,1
mackenzie,1
mackenzy,1
macy,1
madaline,1
madalyn,1
madalynn,1
madden,0
maddex,0
maddie,1
maddison,1
maddix,0
maddox,0
maddux,0
madelaine,1
madeleine,1
madelin,1
madeline,1
madelyn,1
madelyne,1
madelynn,1
madelynne,1
madigan,1
madilyn,1
madilynn,1
madisen,1
madison,1
madisyn,1
madysen,1
madyson,1
mae,1
maegan,1
maeve,1
magali,1
magaly,1
magdalena,1
magdalene,1
maggie,1
magnolia,1
magnus,0
maha,1
mahala,1
mahdi,0
mahi,1
mahmoud,0
mahogany,1
mai,1
maia,1
maile,1
maira,1
maisie,1
maisy,1
maite,1
maiya,1
maja,1
major,0
makaela,1
makai,0
makaila,1
makala,1
makaya,1
makayla,1
makaylah,1
makaylee,1
makena,1
makenna,1
makenzi,1
makenzie,1
makenzy,1
makhi,0
makhia,1
makia,1
makiah,1
makiya,1
makiyah,1
maksim,0
makya,1
makyla,1
malachi,0
malaika,1
malak,1
malakai,0
malakhi,0
malaki,0
malaya,1
malayah,1
malayna,1
malaysia,1
malcolm,0
malcom,0
malea,1
maleah,1
maleek,0
malek,0
malena,1
malia,1
maliah,1
malik,0
malika,1
malina,1
malinda,1
malique,0
maliya,1
maliyah,1
malka,1
malky,1
mallorie,1
mallory,1
malorie,1
mamadou,0
mandi,1
mandy,1
manny,0
manuel,0
manuela,1
mara,1
marah,1
maranda,1
marbella,1
marc,0
marcanthony,0
marcel,0
marcela,1
marcelino,0
marcell,0
marcella,1
marcello,0
marcellus,0
marcelo,0
marcia,1
marco,0
marcoantonio,0
marcos,0
marcus,0
marek,0
mareli,1
marely,1
maren,1
margaret,1
margarita,1
margaux,1
margo,1
margot,1
marguerite,1
mari,1
maria,1
mariafernanda,1
mariah,1
mariajose,1
mariam,1
mariama,1
marian,1
mariana,1
marianna,1
marianne,1
mariano,0
maribel,1
maricela,1
maricruz,1
marie,1
mariel,1
mariela,1
mariella,1
marielle,1
marilyn,1
marin,1
marina,1
mario,0
marisa,1
marisela,1
marisol,1
marissa,1
maritza,1
marius,0
mariya,1
mariyah,1
marjorie,1
mark,0
markayla,1
markel,0
markell,0
marko,0
markus,0
marla,1
marlee,1
marleigh,1
marlen,1
marlena,1
marlene,1
marley,1
marli,1
marlie,1
marlon,0
marly,1
marlyn,1
marquan,0
marquel,0
marques,0
marquez,0
marquis,0
marquise,0
marshal,0
marshall,0
marshawn,0
marta,1
martez,0
martha,1
martin,0
martina,1
marty,0
marvin,0
marwa,1
mary,1
maryah,1
maryam,1
maryann,1
maryanne,1
marygrace,1
maryjane,1
marykate,1
maryn,1
maryssa,1
masen,0
mason,0
massimo,0
mataya,1
mateo,0
mateusz,0
matheus,0
mathew,0
mathias,0
mathieu,0
matias,0
matilda,1
matt,0
mattea,1
matteo,0
matthew,0
matthias,0
mattias,0
mattie,1
mattison,1
maura,1
maureen,1
maurice,0
mauricio,0
mauro,0
maverick,0
max,0
maxim,0
maximilian,0
maximiliano,0
maximillian,0
maximo,0
maximus,0
maxine,1
maxton,0
maxwell,0
maxx,0
may,1
maya,1
mayah,1
maycee,1
maycie,1
maylee,1
maylin,1
mayra,1
mayrin,1
mayte,1
mazie,1
mckay,0
mckayla,1
mckenna,1
mckenzi,1
mckenzie,1
mckenzy,1
mckinzie,1
mea,1
meadow,1
meagan,1
meaghan,1
meah,1
meera,1
meg,1
megan,1
meghan,1
meghana,1
mehki,0
meir,0
mekayla,1
mekenzie,1
mekhi,0
melani,1
melania,1
melanie,1
melannie,1
melany,1
melia,1
melina,1
melinda,1
melisa,1
melissa,1
melodie,1
melody,1
melony,1
melvin,0
memphis,0
menachem,0
merari,1
mercedes,1
mercedez,1
mercy,1
meredith,1
merissa,1
merrick,0
messiah,0
mia,1
miah,1
micaela,1
micah,0
micayla,1
michael,0
michaela,1
michaella,1
michayla,1
micheal,0
michele,1
michell,1
michelle,1
mickayla,1
mickey,0
miguel,0
miguelangel,0
mihir,0
mika,1
mikael,0
mikaela,1
mikaila,1
mikal,0
mikala,1
mikalah,1
mikayla,1
mikaylah,1
mike,0
mikel,0
mikhail,0
mila,1
milagros,1
milana,1
milani,1
mildred,1
milena,1
miles,0
miley,1
milla,1
miller,0
millie,1
milly,1
milo,0
milton,0
mimi,1
mina,1
mindy,1
minerva,1
mira,1
miracle,1
miranda,1
mirella,1
mireya,1
miriam,1
mirian,1
mirna,1
misael,0
mischa,1
misha,1
misty,1
mitchel,0
mitchell,0
miya,1
miyah,1
mohamad,0
mohamed,0
mohammad,0
mohammed,0
moira,1
moises,0
molli,1
mollie,1
molly,1
mona,1
monae,1
monet,1
monica,1
monika,1
monique,1
monserrat,1
monserrath,1
monte,0
montez,0
montgomery,0
montrell,0
montserrat,1
mordechai,0
morgan,1
morghan,1
moriah,1
morris,0
moses,0
moshe,0
muhammad,0
muhammed,0
musa,0
mustafa,0
mya,1
myah,1
myasia,1
myia,1
myka,1
mykaela,1
mykala,1
mykayla,1
mykel,0
mykenzie,1
myla,1
mylah,1
mylee,1
myleigh,1
myles,0
mylie,1
myra,1
myranda,1
myriam,1
myron,0
nada,1
nadia,1
nadine,1
nadiya,1
nadya,1
nahum,0
naia,1
naila,1
nailah,1
nailea,1
naim,0
naima,1
naiya,1
najah,1
najee,0
nakayla,1
nakia,1
nakiya,1
nakiyah,1
nala,1
nalani,1
nallely,1
nancy,1
naomi,1
naomy,1
nariah,1
nariyah,1
naseem,0
nash,0
nasir,0
natalee,1
nataleigh,1
natali,1
natalia,1
natalie,1
nataly,1
natalya,1
natanael,0
natasha,1
nate,0
nathalia,1
nathalie,1
nathaly,1
nathan,0
nathanael,0
nathanial,0
nathaniel,0
nathen,0
naudia,1
nautica,1
navaeh,1
naya,1
naydelin,1
nayeli,1
nayelli,1
nayely,1
nayla,1
nazir,0
neal,0
nechama,1
neel,0
neela,1
neely,1
neha,1
nehemiah,0
neida,1
neil,0
nellie,1
nelly,1
nelson,0
neo,0
nery,0
nestor,0
neva,1
nevaeh,1
nevaeha,1
nevan,0
neveah,1
nevin,0
nia,1
niah,1
niamh,1
nicholas,0
nichole,1
nick,0
nicklas,0
nicklaus,0
nickolas,0
nico,0
nicolas,0
nicole,1
nicolette,1
nicolle,1
nidhi,1
nigel,0
nijah,1
nika,1
nikayla,1
nikhil,0
nikki,1
nikko,0
niklas,0
niko,0
nikola,0
nikolai,0
nikolas,0
nikolaus,0
nikole,1
nila,1
nile,0
nina,1
nisha,1
nivea,1
nixon,0
niya,1
niyah,1
noah,0
noam,0
noble,0
noe,0
noelani,1
noelia,1
noelle,1
noemi,1
noemy,1
nohemi,1
nola,1
nolan,0
nolen,0
noor,1
nora,1
norah,1
norberto,0
norma,1
norman,0
nour,1
nova,1
nubia,1
nya,1
nyah,1
nyasia,1
nydia,1
nyla,1
nylah,1
nyomi,1
nyssa,1
obed,0
octavia,1
octavio,0
octavius,0
odalis,1
odalys,1
odessa,1
odin,0
ofelia,1
olga,1
olin,0
olive,1
oliver,0
olivia,1
olyvia,1
om,0
omar,0
omari,0
omarion,0
omer,0
opal,1
oren,0
oriana,1
orion,0
orlando,0
osbaldo,0
oscar,0
osiel,0
oskar,0
osman,0
osmar,0
osvaldo,0
oswaldo,0
otis,0
otto,0
owen,0
oziel,0
ozzy,0
pablo,0
paden,0
page,1
paige,1
paisley,1
paiton,1
paityn,1
palmer,0
paloma,1
pamela,1
paola,1
paolo,0
paris,1
parker,0
parth,0
passion,1
patience,1
patrice,1
patricia,1
patricio,0
patrick,0
paul,0
paula,1
paulina,1
pauline,1
paulo,0
pavel,0
paxton,0
payge,1
payne,0
payten,1
pearl,1
pedro,0
peighton,1
penelope,1
penny,1
perla,1
perry,0
pete,0
peter,0
petra,1
philip,0
phillip,0
phineas,0
phoebe,1
pierce,0
pierre,0
pierson,0
pilar,1
piper,1
pooja,1
porter,0
portia,1
pranav,0
precious,1
preslee,1
presley,1
preslie,1
preston,0
pricila,1
pricilla,1
prince,0
princess,1
princeton,0
priscila,1
priscilla,1
prisha,1
priya,1
priyanka,1
promise,1
pyper,1
quadir,0
queen,1
quentin,0
quenton,0
quin,0
quincy,0
quinlan,0
quinten,0
quintin,0
quinton,0
quran,0
race,0
rachael,1
racheal,1
rachel,1
rachell,1
rachelle,1
racquel,1
rae,1
raeann,1
raeanna,1
raegan,1
raekwon,0
raeleigh,1
raelyn,1
raelynn,1
rafael,0
rafe,0
ragan,1
raheem,0
rahul,0
raiden,0
rain,1
raina,1
raine,1
rainey,1
raizy,1
raj,0
ralph,0
rami,0
ramiro,0
ramiyah,1
ramon,0
ramona,1
ramses,0
ramya,1
rana,1
randal,0
randall,0
randi,1
randolph,0
randy,0
rania,1
raniya,1
raniyah,1
raphael,0
raquel,1
rashaad,0
rashad,0
rashard,0
rashaun,0
rashawn,0
rasheed,0
raul,0
raven,1
ravi,0
ravyn,1
ray,0
raya,1
rayan,0
rayanna,1
rayden,0
raylee,1
raylene,1
raylynn,1
raymon,0
raymond,0
raymundo,0
rayna,1
rayne,1
rayshawn,0
rayven,1
rayvon,0
rayyan,0
reagan,1
reanna,1
rebeca,1
rebecca,1
rebecka,1
rebeka,1
rebekah,1
reed,0
reem,1
regan,1
reggie,0
regina,1
reginald,0
reid,0
reina,1
remington,0
rena,1
renae,1
renata,1
rene,0
renee,1
renzo,0
reuben,0
rex,0
rey,0
reyes,0
reyli,0
reymundo,0
reyna,1
reynaldo,0
rhea,1
rheanna,1
rhett,0
rhianna,1
rhiannon,1
rhonda,1
rhylee,1
rhys,0
ria,1
riana,1
rianna,1
ricardo,0
richard,0
richelle,1
richie,0
rick,0
rickey,0
ricky,0
rico,0
ridge,0
rigo,0
rigoberto,0
rihanna,1
rikki,1
rilee,1
rileigh,1
rina,1
rishi,0
rita,1
rivka,1
riya,1
roan,0
robert,0
roberta,1
roberto,0
robyn,1
rocco,0
rochel,1
rochelle,1
rocio,1
rocky,0
roderick,0
rodney,0
rodolfo,0
rodrick,0
rodrigo,0
roel,0
rogan,0
rogelio,0
roger,0
rohan,0
rohit,0
roland,0
rolando,0
roman,0
rome,0
romel,0
romello,0
romeo,0
romina,1
ron,0
ronald,0
ronaldo,0
ronan,0
ronin,0
ronnie,0
ronny,0
rony,0
roosevelt,0
rori,1
rosa,1
rosalia,1
rosalie,1
rosalinda,1
rosalyn,1
rosanna,1
rosario,1
rose,1
roselyn,1
rosemarie,1
rosemary,1
rosendo,0
roshan,0
rosie,1
roslyn,1
ross,0
rowdy,0
roxana,1
roxanna,1
roxanne,1
roxy,1
roy,0
royal,0
royce,0
ruben,0
rubi,1
ruby,1
rudolph,0
rudy,0
russell,0
rusty,0
ruth,1
ruthie,1
ryan,0
ryann,1
ryanna,1
ryanne,1
ryder,0
ryker,0
rylan,0
ryland,0
rylea,1
rylee,1
ryleigh,1
rylie,1
ryne,0
saad,0
saanvi,1
sabastian,0
sabina,1
sabine,1
sabrina,1
sade,1
sadie,1
safa,1
safiya,1
sahana,1
sahar,1
sahara,1
sahasra,1
sahil,0
said,0
saif,0
saige,1
sailor,1
saira,1
sakura,1
salena,1
salina,1
sally,1
salma,1
salome,1
salomon,0
salvador,0
salvatore,0
sam,0
samanta,1
samantha,1
samara,1
samarah,1
samaria,1
samaya,1
sameer,0
sami,0
samia,1
samiah,1
samir,0
samira,1
samirah,1
samiya,1
samiyah,1
sammy,0
samson,0
samual,0
samuel,0
samya,1
sana,1
sanaa,1
sanai,1
sanaya,1
sandra,1
sandy,1
sania,1
saniah,1
saniya,1
saniyah,1
sanjana,1
sanjay,0
santiago,0
santino,0
santos,0
sanya,1
saphira,1
sapphire,1
sara,1
sarah,1
sarahi,1
sarai,1
saray,1
sarena,1
sariah,1
sarina,1
sariya,1
sariyah,1
sasha,1
saul,0
savana,1
savanah,1
savanna,1
savannah,1
savion,0
savon,0
sawyer,0
saydee,1
saylor,1
sayra,1
scarlet,1
scarlett,1
scarlette,1
scott,0
scotty,0
seamus,0
sean,0
seanna,1
sebastian,0
sebastien,0
sedona,1
sela,1
selah,1
selena,1
selene,1
selina,1
selma,1
sequoia,1
sera,1
serena,1
serene,1
serenity,1
sergio,0
serina,1
seth,0
shaan,0
shaelyn,1
shaelynn,1
shaila,1
shaina,1
shaindy,1
shakayla,1
shakira,1
shalyn,1
shamar,0
shamiya,1
shamya,1
shana,1
shanaya,1
shane,0
shanell,1
shanelle,1
shani,1
shania,1
shaniah,1
shanice,1
shaniya,1
shaniyah,1
shanna,1
shannon,1
shantel,1
shanya,1
sharon,1
shaun,0
shauna,1
shawn,0
shawna,1
shayan,0
shayla,1
shaylee,1
shaylin,1
shaylyn,1
shaylynn,1
shayna,1
shealyn,1
sheila,1
shekinah,1
shelbi,1
shelbie,1
shelby,1
sheldon,0
shelly,1
shelton,0
shemar,0
sheridan,1
sherlin,1
sherlyn,1
sherman,0
sherry,1
sheyenne,1
sheyla,1
shiann,1
shianne,1
shimon,0
shira,1
shirley,1
shiv,0
shivam,0
shivani,1
shlomo,0
shmuel,0
shoshana,1
shreya,1
shreyas,0
shriya,1
shyann,1
shyanna,1
shyanne,1
shyla,1
shylah,1
sianna,1
siara,1
siddharth,0
siena,1
sienna,1
siera,1
sierra,1
sierrah,1
silas,0
silvia,1
simeon,0
simon,0
simona,1
simone,1
simran,1
sinai,1
sincere,0
sindy,1
siobhan,1
sirena,1
siri,1
siya,1
skye,1
skyla,1
skylah,1
skylee,1
skylynn,1
skyy,1
slade,0
slater,0
sloane,1
sneha,1
sofia,1
sofie,1
solana,1
soledad,1
soleil,1
solomon,0
sommer,1
sonia,1
sonja,1
sonny,0
sonya,1
sophia,1
sophie,1
soraya,1
soren,0
spencer,0
stacey,1
stacia,1
stacie,1
stacy,1
stanley,0
star,1
starla,1
starr,1
steele,0
stefan,0
stefani,1
stefanie,1
stefano,0
stefany,1
stella,1
stephan,0
stephanie,1
stephany,1
stephen,0
stephon,0
sterling,0
stetson,0
steve,0
steven,0
stewart,0
stone,0
stormie,1
stormy,1
stuart,0
sullivan,0
sumaya,1
summer,1
sunshine,1
suri,1
susan,1
susana,1
susanna,1
susannah,1
susie,1
suzanna,1
suzanne,1
suzette,1
sydnee,1
sydney,1
sydni,1
sydnie,1
syed,0
sylar,0
sylas,0
sylvester,0
sylvia,1
sylvie,1
symone,1
symphony,1
syrus,0
tabatha,1
tabitha,1
taelor,1
taelyn,1
taha,0
tahir,0
tahj,0
tahlia,1
taina,1
taj,0
taja,1
takayla,1
takiyah,1
takoda,0
tala,1
talan,0
taleah,1
talen,0
talia,1
taliah,1
taliyah,1
tallulah,1
talon,0
talya,1
tamara,1
tamaya,1
tamera,1
tamia,1
tamir,0
tamiya,1
tamiyah,1
tammy,1
tamya,1
tamyra,1
tanasia,1
tanaya,1
tania,1
taniah,1
tanisha,1
taniya,1
taniyah,1
tanner,0
tanvi,1
tanya,1
tara,1
taraji,1
taran,0
tarik,0
tariq,0
taron,0
taryn,1
tasha,1
tashawn,0
tasia,1
tate,0
tatiana,1
tatianna,1
tatiyana,1
tatum,1
tatyana,1
tatyanna,1
tavaris,0
taven,0
tavia,1
tavian,0
tavin,0
tavion,0
tavon,0
taya,1
tayah,1
tayden,0
tayla,1
taylar,1
taylee,1
tayler,1
taylin,1
taylor,1
tayshaun,0
tayshawn,0
tayton,0
taytum,1
tayvion,0
tayvon,0
tea,1
teague,0
teanna,1
ted,0
teddy,0
tehya,1
tenley,1
tera,1
terell,0
terence,0
teresa,1
terra,1
terrance,0
terrell,0
terrence,0
terri,1
terrion,0
terron,0
terry,0
tess,1
tessa,1
tevin,0
thaddeus,0
thalia,1
thania,1
thatcher,0
thea,1
theo,0
theodore,0
theresa,1
therese,1
theron,0
thiago,0
thomas,0
thor,0
tia,1
tiago,0
tiana,1
tianna,1
tiara,1
tiarra,1
tiera,1
tiernan,0
tierney,1
tierra,1
tiffani,1
tiffanie,1
tiffany,1
tim,0
timia,1
timmy,0
timothy,0
tina,1
tionna,1
titan,0
titus,0
tobey,0
tobias,0
tobin,0
toby,0
todd,0
tom,0
tomas,0
tommy,0
toni,1
tony,0
tonya,1
tori,1
torie,1
torin,0
torri,1
torrie,1
trace,0
traci,1
trae,0
travion,0
travis,0
travon,0
trayvon,0
tre,0
treasure,1
tremaine,0
tremayne,0
trent,0
trenten,0
trentin,0
trenton,0
treshawn,0
tressa,1
treveon,0
trever,0
trevin,0
trevion,0
trevon,0
trevor,0
trey,0
treyson,0
treyton,0
treyvon,0
tricia,1
trina,1
trinidy,1
trinitee,1
triniti,1
trinity,1
tripp,0
trisha,1
trista,1
tristan,0
tristen,0
tristian,0
tristin,0
triston,0
troy,0
truman,0
trystan,0
tryston,0
tucker,0
turner,0
ty,0
tyana,1
tyanna,1
tyasia,1
tyce,0
tye,0
tyjuan,0
tyla,1
tylan,0
tylen,0
tyler,0
tylor,0
tyonna,1
tyquan,0
tyra,1
tyran,0
tyre,0
tyree,0
tyreek,0
tyreese,0
tyrek,0
tyreke,0
tyrell,0
tyren,0
tyrese,0
tyrin,0
tyriq,0
tyrique,0
tyron,0
tyrone,0
tyrus,0
tysen,0
tyshaun,0
tyshawn,0
tyson,0
tytiana,1
tytianna,1
tzvi,0
ulices,0
ulises,0
ulisses,0
ulysses,0
uma,1
umar,0
unique,1
uriah,0
uriel,0
urijah,0
uziel,0
vada,1
valarie,1
valencia,1
valentin,0
valentina,1
valentino,0
valeria,1
valerie,1
valery,1
van,0
vance,0
vanesa,1
vanessa,1
vania,1
varun,0
vaughn,0
veda,1
venus,1
vera,1
verenice,1
vernon,0
veronica,1
veronika,1
vianca,1
vianey,1
vianney,1
vicente,0
vicky,1
victor,0
victoria,1
vida,1
vidal,0
vienna,1
vikram,0
viktor,0
viktoria,1
vince,0
vincent,0
vincente,0
vincenzo,0
viola,1
violet,1
violeta,1
virgil,0
virginia,1
viridiana,1
vito,0
vivek,0
vivian,1
viviana,1
vivianna,1
vivien,1
vivienne,1
vladimir,0
wade,0
walker,0
wallace,0
walter,0
warren,0
waylon,0
wayne,0
wendell,0
wendy,1
wesley,0
westin,0
westley,0
weston,0
whitley,1
whitney,1
wilber,0
wilbert,0
wiley,0
wilfredo,0
will,0
willa,1
willard,0
willem,0
william,0
williams,0
willie,0
willis,0
willow,1
willy,0
wilmer,0
wilson,0
winnie,1
winston,0
winter,1
wolfgang,0
wren,1
wyatt,0
wylie,0
wynter,1
xander,0
xavian,0
xavier,0
xavion,0
xavior,0
ximena,1
xiomara,1
xitlali,1
xitlaly,1
xochilt,1
xochitl,1
xzavier,0
xzavion,0
yaakov,0
yadhira,1
yadiel,0
yadira,1
yahaira,1
yahir,0
yahya,0
yair,0
yaire,1
yajaira,1
yakov,0
yamil,0
yamile,1
yamilet,1
yamileth,1
yana,1
yandel,0
yaneli,1
yanely,1
yanet,1
yanira,1
yaquelin,1
yara,1
yareli,1
yarely,1
yaretzi,1
yaretzy,1
yariel,0
yaritza,1
yaseen,0
yash,0
yasin,0
yasir,0
yasmeen,1
yasmin,1
yasmine,1
yazmin,1
yazmine,1
yehoshua,0
yehuda,0
yenifer,1
yesenia,1
yesica,1
yessenia,1
yessica,1
yisroel,0
yitzchok,0
yoana,1
yocelin,1
yoel,0
yolanda,1
yonatan,0
yonathan,0
yosef,0
yoselin,1
yoselyn,1
yosgart,0
yousef,0
youssef,0
yovani,0
ysabella,1
yuliana,1
yulianna,1
yulisa,1
yulissa,1
yurem,0
yuridia,1
yusef,0
yusuf,0
yvette,1
yvonne,1
zacchaeus,0
zach,0
zacharia,0
zachariah,0
zacharias,0
zachary,0
zachery,0
zack,0
zackary,0
zackery,0
zada,1
zade,0
zaden,0
zahara,1
zahir,0
zahra,1
zaid,0
zaida,1
zaiden,0
zain,0
zaina,1
zainab,1
zaine,0
zaira,1
zakaria,0
zakariya,0
zakary,0
zakiya,1
zakiyah,1
zamir,0
zamya,1
zander,0
zane,0
zaniah,1
zaniya,1
zaniyah,1
zara,1
zarah,1
zaria,1
zariah,1
zariya,1
zariyah,1
zavier,0
zavion,0
zayd,0
zayda,1
zayden,0
zayne,0
zayra,1
zechariah,0
zeke,0
zen,0
zephaniah,0
zev,0
zia,1
zion,0
zipporah,1
zoe,1
zoee,1
zoey,1
zoie,1
zora,1
zoya,1
zulema,1
zuri,1
zuriel,0
zykeria,1
